,Column1,NAME,NUMBER OF COURSES,companyname,coursetype,URL2,Column5
0,59,(ISC)² Systems Security Certified Practitioner (SSCP),6.0,(ISC)²,SPECIALIZATION,https://www.coursera.org/specializations/sscp-training,
1,357,3D Printing and Additive Manufacturing,5.0,University of Illinois at Urbana-Champaign,SPECIALIZATION,https://www.coursera.org/specializations/3d-printing-additive-manufacturing,
2,355,商务基础 (中文版),5.0,University of Pennsylvania,SPECIALIZATION,https://www.coursera.org/specializations/wharton-shangwu-jichu,
3,502,商务英语课程 Business English,4.0,Arizona State University,SPECIALIZATION,https://www.coursera.org/specializations/shangwu-yingyu,
4,341,Éxito Profesional,10.0,"University of California, Irvine",SPECIALIZATION,https://www.coursera.org/specializations/exito-profesional,
5,436,Abnormal Psychology,3.0,Wesleyan University,SPECIALIZATION,https://www.coursera.org/specializations/abnormal-psychology,
6,116,Academic English: Writing,5.0,"University of California, Irvine",SPECIALIZATION,https://www.coursera.org/specializations/academic-english,
7,520,Academic Skills for University Success,5.0,The University of Sydney,SPECIALIZATION,https://www.coursera.org/specializations/academic-skills,
8,84,Accelerated Computer Science Fundamentals,3.0,University of Illinois at Urbana-Champaign,SPECIALIZATION,https://www.coursera.org/specializations/cs-fundamentals,
9,307,Accounting Data Analytics,4.0,University of Illinois at Urbana-Champaign,SPECIALIZATION,https://www.coursera.org/specializations/accounting-data-analytics,
10,92,Achieving Personal and Professional Success,4.0,University of Pennsylvania,SPECIALIZATION,https://www.coursera.org/specializations/wharton-success,
11,500,Active Optical Devices,3.0,University of Colorado Boulder,SPECIALIZATION,https://www.coursera.org/specializations/active-optical-devices,
12,408,Adapting: Career Development,4.0,Macquarie University,SPECIALIZATION,https://www.coursera.org/specializations/adapting-career-development,
13,610,Advanced App Development in Android,4.0,Imperial College London,SPECIALIZATION,https://www.coursera.org/specializations/advanced-app-android,
14,342,Advanced Business Analytics,5.0,University of Colorado Boulder,SPECIALIZATION,https://www.coursera.org/specializations/data-analytics-business,
15,127,Advanced Data Science with IBM,4.0,IBM,SPECIALIZATION,https://www.coursera.org/specializations/advanced-data-science-ibm,
16,177,Advanced Machine Learning,7.0,HSE University,SPECIALIZATION,https://www.coursera.org/specializations/aml,
17,208,Advanced Machine Learning on Google Cloud,5.0,Google Cloud,SPECIALIZATION,https://www.coursera.org/specializations/advanced-machine-learning-tensorflow-gcp,
18,236,Advanced Statistics for Data Science,4.0,Johns Hopkins University,SPECIALIZATION,https://www.coursera.org/specializations/advanced-statistics-data-science,
19,559,Advanced System Security Design,4.0,University of Colorado System,SPECIALIZATION,https://www.coursera.org/specializations/advanced-system-security-design,
20,69,Agile Development,4.0,University of Virginia,SPECIALIZATION,https://www.coursera.org/specializations/agile-development,
21,362,Agile Leadership,5.0,University of Colorado System,SPECIALIZATION,https://www.coursera.org/specializations/agile-leadership-change-management,
22,129,AI for Medicine,3.0,DeepLearning.AI,SPECIALIZATION,https://www.coursera.org/specializations/ai-for-medicine,
23,527,AI for Scientific Research,4.0,LearnQuest,SPECIALIZATION,https://www.coursera.org/specializations/artificial-intelligence-scientific-research,
24,83,AI Foundations for Everyone,3.0,IBM,SPECIALIZATION,https://www.coursera.org/specializations/ai-foundations-for-everyone,
25,65,AI in Healthcare,5.0,Stanford University,SPECIALIZATION,https://www.coursera.org/specializations/ai-healthcare,
26,620,AI Product Management,3.0,Duke University,SPECIALIZATION,https://www.coursera.org/specializations/ai-product-management-duke,
27,285,Algebra: Elementary to Advanced,3.0,Johns Hopkins University,SPECIALIZATION,https://www.coursera.org/specializations/algebra-elementary-to-advanced,
28,62,Algorithms,4.0,Stanford University,SPECIALIZATION,https://www.coursera.org/specializations/algorithms,
29,113,Algorithms for Battery Management Systems,5.0,University of Colorado Boulder,SPECIALIZATION,https://www.coursera.org/specializations/algorithms-for-battery-management-systems,
30,596,Alibaba Cloud Computing,3.0,Alibaba Cloud Academy,SPECIALIZATION,https://www.coursera.org/specializations/alibabacloud,
31,182,An Introduction to Programming the Internet of Things (IOT),6.0,"University of California, Irvine",SPECIALIZATION,https://www.coursera.org/specializations/iot,
32,259,Analista de Datos de IBM,8.0,IBM,PROFESSIONAL CERTIFICATE,https://www.coursera.org/professional-certificates/certificado-profesional-analista-de-datos-de-ibm,
33,430,Analysing: Numeric and digital literacies,4.0,Macquarie University,SPECIALIZATION,https://www.coursera.org/specializations/analysing-numeric-digital-literacies,
34,552,Analytics for Decision Making,4.0,University of Minnesota,SPECIALIZATION,https://www.coursera.org/specializations/analytics-for-decision-making,
35,161,Anatomy,4.0,University of Michigan,SPECIALIZATION,https://www.coursera.org/specializations/anatomy,
36,204,Android App Development,5.0,Vanderbilt University,SPECIALIZATION,https://www.coursera.org/specializations/android-app-development,
37,493,Animals and Society,3.0,University of Colorado Boulder,SPECIALIZATION,https://www.coursera.org/specializations/animals-society,
38,622,Apoio Técnico de TI da Google,5.0,Google,PROFESSIONAL CERTIFICATE,https://www.coursera.org/professional-certificates/google-it-pt2,
39,474,Applied Cryptography,4.0,University of Colorado System,SPECIALIZATION,https://www.coursera.org/specializations/applied-crypto,
40,10,Applied Data Science,5.0,IBM,SPECIALIZATION,https://www.coursera.org/specializations/applied-data-science,
41,61,Applied Data Science with Python,5.0,University of Michigan,SPECIALIZATION,https://www.coursera.org/specializations/data-science-python,
42,140,Applied Data Science with R,5.0,IBM,SPECIALIZATION,https://www.coursera.org/specializations/applied-data-science-r,
43,583,Applied Digital Literacy,3.0,The State University of New York,SPECIALIZATION,https://www.coursera.org/specializations/applied-digital-literacy,
44,479,Architecting Hybrid Cloud Infrastructure with Anthos,3.0,Google Cloud,SPECIALIZATION,https://www.coursera.org/specializations/architecting-hybrid-cloud-infrastructure-anthos,
45,39,Architecting with Google Compute Engine,5.0,Google Cloud,SPECIALIZATION,https://www.coursera.org/specializations/gcp-architecture,
46,339,Architecting with Google Compute Engine 日本語版,5.0,Google Cloud,SPECIALIZATION,https://www.coursera.org/specializations/gcp-architecture-jp,
47,631,Architecting with Google Compute Engine auf Deutsch,5.0,Google Cloud,SPECIALIZATION,https://www.coursera.org/specializations/gcp-architecture,
48,624,Architecting with Google Compute Engine bahasa Indonesia,5.0,Google Cloud,SPECIALIZATION,https://www.coursera.org/specializations/gcp-architecture-bhid,
49,516,Architecting with Google Compute Engine em Português,5.0,Google Cloud,SPECIALIZATION,https://www.coursera.org/specializations/gcp-architecture-br,
50,470,Architecting with Google Compute Engine en Español,5.0,Google Cloud,SPECIALIZATION,https://www.coursera.org/specializations/gcp-architecture-es,
51,448,Architecting with Google Compute Engine en Français,5.0,Google Cloud,SPECIALIZATION,https://www.coursera.org/specializations/gcp-architecture-fr,
52,52,Architecting with Google Kubernetes Engine,4.0,Google Cloud,SPECIALIZATION,https://www.coursera.org/specializations/architecting-google-kubernetes-engine,
53,434,Architecting with Google Kubernetes Engine 日本語版,4.0,Google Cloud,SPECIALIZATION,https://www.coursera.org/specializations/architecting-google-kubernetes-engine-jp,
54,508,Architecting with Google Kubernetes Engine en Español,4.0,Google Cloud,SPECIALIZATION,https://www.coursera.org/specializations/architecting-google-kubernetes-engine-es,
55,519,Architecting with Google Kubernetes Engine en Français,4.0,Google Cloud,SPECIALIZATION,https://www.coursera.org/specializations/architecting-google-kubernetes-engine-fr,
56,546,Architecting with Google Kubernetes Engine en Portuguese,4.0,Google Cloud,SPECIALIZATION,https://www.coursera.org/specializations/architecting-google-kubernetes-engine-br,
57,540,"Arctic Climate, Environ. & Geographies of a Changing North",3.0,University of Colorado Boulder,SPECIALIZATION,https://www.coursera.org/specializations/arctic-climate-environment-geographies,
58,73,Arizona State University TESOL,8.0,Arizona State University,PROFESSIONAL CERTIFICATE,https://www.coursera.org/professional-certificates/arizona-state-university-tesol,
59,455,Art for Games,4.0,Michigan State University,SPECIALIZATION,https://www.coursera.org/specializations/art-for-games,
60,336,Autodesk CAD/CAM for Manufacturing,4.0,Autodesk,SPECIALIZATION,https://www.coursera.org/specializations/autodesk-cad-cam-manufacturing,
61,217,Autodesk CAD/CAM/CAE for Mechanical Engineering,4.0,Autodesk,SPECIALIZATION,https://www.coursera.org/specializations/autodesk-cad-cam-cae-mechanical-engineering,
62,549,Autodesk Generative Design for Manufacturing,4.0,Autodesk,SPECIALIZATION,https://www.coursera.org/specializations/autodesk-generative-design-manufacturing,
63,49,AWS Fundamentals,4.0,Amazon Web Services,SPECIALIZATION,https://www.coursera.org/specializations/aws-fundamentals,
64,375,Bases de Inteligencia Artificial para Todos,5.0,IBM,PROFESSIONAL CERTIFICATE,https://www.coursera.org/professional-certificates/bases-de-inteligencia-artificial-para-todos,
65,443,Basics in computer vision,3.0,HSE University,SPECIALIZATION,https://www.coursera.org/specializations/basics-in-computer-vision,
66,248,Become a Journalist: Report the News!,5.0,Michigan State University,SPECIALIZATION,https://www.coursera.org/specializations/become-a-journalist,
67,302,Become a Sustainable Business Change Agent,4.0,University of Colorado System,SPECIALIZATION,https://www.coursera.org/specializations/sustainable-business-change-agent,
68,226,Become an EMT,6.0,University of Colorado System,SPECIALIZATION,https://www.coursera.org/specializations/become-an-emt,
69,222,Big Data,6.0,University of California San Diego,SPECIALIZATION,https://www.coursera.org/specializations/big-data,
70,295,Bioinformatics,7.0,University of California San Diego,SPECIALIZATION,https://www.coursera.org/specializations/bioinformatics,
71,512,Biology Everywhere,4.0,University of Colorado Boulder,SPECIALIZATION,https://www.coursera.org/specializations/biology-everywhere,
72,201,Biostatistics in Public Health,4.0,Johns Hopkins University,SPECIALIZATION,https://www.coursera.org/specializations/biostatistics-public-health,
73,94,Blockchain,4.0,"University of California, Irvine",SPECIALIZATION,https://www.coursera.org/specializations/blockchain,
74,521,Blockchain,4.0,University at Buffalo,SPECIALIZATION,https://www.coursera.org/specializations/uci-blockchain,
75,597,Blockchain Para a Empresa,4.0,INSEAD,SPECIALIZATION,https://www.coursera.org/specializations/blockchain-para-a-empresa,
76,87,Blockchain Revolution,4.0,INSEAD,SPECIALIZATION,https://www.coursera.org/specializations/blockchain-revolution-enterprise,
77,107,Blockchain Revolution in Financial Services,4.0,INSEAD,SPECIALIZATION,https://www.coursera.org/specializations/blockchain-financial-services,
78,153,Branding: The Creative Journey,4.0,IE Business School,SPECIALIZATION,https://www.coursera.org/specializations/branding-the-creative-journey,
79,317,Building Cloud Computing Solutions at Scale,4.0,Duke University,SPECIALIZATION,https://www.coursera.org/specializations/building-cloud-computing-solutions-at-scale,
80,29,Business Analytics,5.0,University of Pennsylvania,SPECIALIZATION,https://www.coursera.org/specializations/business-analytics,
81,30,Business and Financial Modeling,5.0,University of Pennsylvania,SPECIALIZATION,https://www.coursera.org/specializations/wharton-business-financial-modeling,
82,329,Business English,4.0,Arizona State University,SPECIALIZATION,https://www.coursera.org/specializations/english-for-business,
83,210,Business English Communication Skills,5.0,University of Washington,SPECIALIZATION,https://www.coursera.org/specializations/business-english,
84,423,Business English for Non-Native Speakers,5.0,The Hong Kong University of Science and Technology,SPECIALIZATION,https://www.coursera.org/specializations/business-english-speakers,
85,23,Business Foundations,6.0,University of Pennsylvania,SPECIALIZATION,https://www.coursera.org/specializations/wharton-business-foundations,
86,525,Business Russian Communication,4.0,Saint Petersburg State University,SPECIALIZATION,https://www.coursera.org/specializations/business-russian,
87,175,Business Statistics and Analysis,5.0,Rice University,SPECIALIZATION,https://www.coursera.org/specializations/business-statistics-analysis,
88,268,Business Strategies for A Better World,4.0,University of Pennsylvania,SPECIALIZATION,https://www.coursera.org/specializations/wharton-global-business-strategy,
89,75,Business Strategy,5.0,University of Virginia,SPECIALIZATION,https://www.coursera.org/specializations/business-strategy,
90,333,Business Technology Management,6.0,Indian School of Business,SPECIALIZATION,https://www.coursera.org/specializations/business-technology-managment,
91,264,C# Programming for Unity Game Development,4.0,University of Colorado System,SPECIALIZATION,https://www.coursera.org/specializations/programming-unity-game-development,
92,351,CAD and Digital Manufacturing,5.0,Autodesk,SPECIALIZATION,https://www.coursera.org/specializations/cad-design-digital-manufacturing,
93,250,Cancer Biology,3.0,Johns Hopkins University,SPECIALIZATION,https://www.coursera.org/specializations/cancer-biology,
94,437,Career Brand Management,4.0,The State University of New York,SPECIALIZATION,https://www.coursera.org/specializations/career-brand-management,
95,90,Career Success,8.0,"University of California, Irvine",SPECIALIZATION,https://www.coursera.org/specializations/career-success,
96,604,Caring for Others,3.0,University of Colorado Boulder,SPECIALIZATION,https://www.coursera.org/specializations/caring-for-others,
97,560,CertNexus Certified Artificial Intelligence Practitioner,5.0,CertNexus,PROFESSIONAL CERTIFICATE,https://www.coursera.org/professional-certificates/certified-artificial-intelligence-practitioner,
98,584,CertNexus Certified Ethical Emerging Technologist,6.0,CertNexus,PROFESSIONAL CERTIFICATE,https://www.coursera.org/professional-certificates/certified-ethical-emerging-technologist,
99,384,Ciencia de Datos Aplicada,4.0,IBM,SPECIALIZATION,https://www.coursera.org/specializations/ciencia-de-datos-aplicada,
100,225,Ciencia de Datos de IBM,9.0,IBM,PROFESSIONAL CERTIFICATE,https://www.coursera.org/professional-certificates/certificado-profesional-de-ciencia-de-datos-de-ibm,
101,495,Climate Change and Health: From Science to Action,3.0,Yale University,SPECIALIZATION,https://www.coursera.org/specializations/climate-change-and-health,
102,460,Clinical Data Science,6.0,University of Colorado System,SPECIALIZATION,https://www.coursera.org/specializations/clinical-data-science,
103,41,Cloud Application Development Foundations,4.0,IBM,SPECIALIZATION,https://www.coursera.org/specializations/ibm-cloud-application-development-foundations,
104,334,Cloud Computing,6.0,University of Illinois at Urbana-Champaign,SPECIALIZATION,https://www.coursera.org/specializations/cloud-computing,
105,389,Coaching Skills for Managers,4.0,"University of California, Davis",SPECIALIZATION,https://www.coursera.org/specializations/coaching-skills-manager,
106,556,"Coding for Designers, Managers, and Entrepreneurs",3.0,University of Virginia,SPECIALIZATION,https://www.coursera.org/specializations/coding-for-managers,
107,151,Coding for Everyone: C and C++,4.0,"University of California, Santa Cruz",SPECIALIZATION,https://www.coursera.org/specializations/coding-for-everyone,
108,534,Communication Skills for Engineers,3.0,Rice University,SPECIALIZATION,https://www.coursera.org/specializations/leadership-communication-engineers,
109,327,Competitive Strategy and Organization Design,4.0,Ludwig-Maximilians-Universität München (LMU),SPECIALIZATION,https://www.coursera.org/specializations/competitive-strategy,
110,249,Computational Social Science,5.0,"University of California, Davis",SPECIALIZATION,https://www.coursera.org/specializations/computational-social-science-ucdavis,
111,598,Computational Thinking & Block Programming in K-12 Education,6.0,University of California San Diego,SPECIALIZATION,https://www.coursera.org/specializations/computational-thinking-block-programming-k12-education,
112,586,Computational Thinking with Beginning C Programming,4.0,University of Colorado System,SPECIALIZATION,https://www.coursera.org/specializations/computational-thinking-c-programming,
113,368,Computer Communications,4.0,University of Colorado System,SPECIALIZATION,https://www.coursera.org/specializations/computer-communications,
114,418,Computer Forensics,3.0,Infosec,SPECIALIZATION,https://www.coursera.org/specializations/computerforensics,
115,397,Computer Security and Systems Management,4.0,University of Colorado System,SPECIALIZATION,https://www.coursera.org/specializations/computer-security-systems-management,
116,180,Conflict Management,4.0,"University of California, Irvine",SPECIALIZATION,https://www.coursera.org/specializations/conflict-management,
117,569,Connected Planning for Business Transformation,4.0,Anaplan,SPECIALIZATION,https://www.coursera.org/specializations/anaplan-connected-planning-business-transformation,
118,101,Construction Management,5.0,Columbia University,SPECIALIZATION,https://www.coursera.org/specializations/construction-management,
119,297,Content Strategy for Professionals,5.0,Northwestern University,SPECIALIZATION,https://www.coursera.org/specializations/content-strategy,
120,233,Core Java,4.0,LearnQuest,SPECIALIZATION,https://www.coursera.org/specializations/core-java,
121,504,Corporate Entrepreneurship: Innovating within Corporations,5.0,"University of Maryland, College Park",SPECIALIZATION,https://www.coursera.org/specializations/corporate-entrepreneurship,
122,128,Creative Writing,5.0,Wesleyan University,SPECIALIZATION,https://www.coursera.org/specializations/creative-writing,
123,360,"Creatividad, diseño e innovación: Técnicas y herramientas",4.0,Universidad Nacional Autónoma de México,SPECIALIZATION,https://www.coursera.org/specializations/creatividad-diseno-innovacion,
124,446,Creativity and A.I.,3.0,"Parsons School of Design, The New School",SPECIALIZATION,https://www.coursera.org/specializations/creativity-ai,
125,276,Culture-Driven Team Building,5.0,University of Pennsylvania,SPECIALIZATION,https://www.coursera.org/specializations/team-building,
126,517,Customer Experiences with Contact Center AI - Dialogflow CX,4.0,Google Cloud,SPECIALIZATION,https://www.coursera.org/specializations/customer-experiences-with-contact-center-ai-dialogflow-cx,
127,514,Customer Experiences with Contact Center AI - Dialogflow ES,4.0,Google Cloud,SPECIALIZATION,https://www.coursera.org/specializations/customer-experience-gcp,
128,447,Cyber Incident Response,3.0,Infosec,SPECIALIZATION,https://www.coursera.org/specializations/cyber-incident-response,
129,178,Cybersecurity,5.0,"University of Maryland, College Park",SPECIALIZATION,https://www.coursera.org/specializations/cyber-security,
130,553,Cybersecurity for Business,4.0,University of Colorado System,SPECIALIZATION,https://www.coursera.org/specializations/cyber-security-business,
131,429,Cybersecurity in the Cloud,4.0,University of Minnesota,SPECIALIZATION,https://www.coursera.org/specializations/cybersecurity-cloud,
132,630,Cybersecurity Leadership and Management,3.0,Infosec,SPECIALIZATION,https://www.coursera.org/specializations/cybersecurity-leadership,
133,577,Cybersecurity: Developing a Program for Your Business,4.0,University System of Georgia,SPECIALIZATION,https://www.coursera.org/specializations/cybersecurity-developing-program-for-business,
134,530,Data Analysis and Interpretation,5.0,Wesleyan University,SPECIALIZATION,https://www.coursera.org/specializations/data-analysis,
135,71,Data Analysis and Presentation Skills: the PwC Approach,5.0,PwC,SPECIALIZATION,https://www.coursera.org/specializations/pwc-analytics,
136,15,Data Analysis and Visualization Foundations,3.0,IBM,SPECIALIZATION,https://www.coursera.org/specializations/data-analysis-visualization-foundations,
137,629,"Data Engineer, Big Data and ML on Google Cloud auf Deutsch",5.0,Google Cloud,SPECIALIZATION,https://www.coursera.org/specializations/gcp-data-machine-learning,
138,615,"Data Engineer, Big Data and ML on Google Cloud em Português",5.0,Google Cloud,SPECIALIZATION,https://www.coursera.org/specializations/gcp-data-machine-learning-br,
139,616,"Data Engineer, Big Data and ML on Google Cloud en Français",5.0,Google Cloud,SPECIALIZATION,https://www.coursera.org/specializations/gcp-data-machine-learning-fr,
140,13,Data Engineering Foundations,5.0,IBM,SPECIALIZATION,https://www.coursera.org/specializations/data-engineering-foundations,
141,431,"Data Engineering, Big Data and ML on Google Cloud 日本語版",5.0,Google Cloud,SPECIALIZATION,https://www.coursera.org/specializations/gcp-data-machine-learning-jp,
142,466,"Data Engineering, Big Data and ML on Google Cloud en Español",5.0,Google Cloud,SPECIALIZATION,https://www.coursera.org/specializations/gcp-data-machine-learning-es,
143,67,"Data Engineering, Big Data, and Machine Learning on GCP",5.0,Google Cloud,SPECIALIZATION,https://www.coursera.org/specializations/gcp-data-machine-learning,
144,403,Data Literacy,5.0,Johns Hopkins University,SPECIALIZATION,https://www.coursera.org/specializations/data-literacy,
145,238,Data Mining,6.0,University of Illinois at Urbana-Champaign,SPECIALIZATION,https://www.coursera.org/specializations/data-mining,
146,501,Data Mining Foundations and Practice,3.0,University of Colorado Boulder,SPECIALIZATION,https://www.coursera.org/specializations/data-mining-foundations-practice,
147,47,Data Science,9.0,Johns Hopkins University,SPECIALIZATION,https://www.coursera.org/specializations/jhu-data-science,
148,562,Data Science at Scale,4.0,University of Washington,SPECIALIZATION,https://www.coursera.org/specializations/data-science,
149,609,Data Science Fundamentals,4.0,"University of California, Irvine",SPECIALIZATION,https://www.coursera.org/specializations/data-science-fundamentals,
150,8,Data Science Fundamentals with Python and SQL,5.0,IBM,SPECIALIZATION,https://www.coursera.org/specializations/data-science-fundamentals-python-sql,
151,314,Data Science with Databricks for Data Analysts,3.0,Databricks,SPECIALIZATION,https://www.coursera.org/specializations/data-science-with-databricks-for-data-analysts,
152,54,Data Science: Foundations using R,5.0,Johns Hopkins University,SPECIALIZATION,https://www.coursera.org/specializations/data-science-foundations-r,
153,321,Data Science: Statistics and Machine Learning,5.0,Johns Hopkins University,SPECIALIZATION,https://www.coursera.org/specializations/data-science-statistics-machine-learning,
154,110,Data Structures and Algorithms,6.0,University of Colorado Boulder,SPECIALIZATION,https://www.coursera.org/specializations/data-structures-algorithms,
155,148,Data Structures and Algorithms,3.0,University of California San Diego,SPECIALIZATION,https://www.coursera.org/specializations/boulder-data-structures-algorithms,
156,323,Data Visualization & Dashboarding with R,5.0,Johns Hopkins University,SPECIALIZATION,https://www.coursera.org/specializations/jhu-data-visualization-dashboarding-with-r,
157,100,Data Visualization with Tableau,5.0,"University of California, Davis",SPECIALIZATION,https://www.coursera.org/specializations/data-visualization,
158,283,Data Warehousing for Business Intelligence,5.0,University of Colorado System,SPECIALIZATION,https://www.coursera.org/specializations/data-warehousing,
159,548,Database systems,4.0,Universidad Nacional Autónoma de México,SPECIALIZATION,https://www.coursera.org/specializations/database-systems,
160,490,Data-Driven Decision Making (DDDM),3.0,University at Buffalo,SPECIALIZATION,https://www.coursera.org/specializations/data-driven-decision-making,
161,6,Deep Learning,5.0,DeepLearning.AI,SPECIALIZATION,https://www.coursera.org/specializations/deep-learning,
162,25,DeepLearning.AI TensorFlow Developer,4.0,DeepLearning.AI,PROFESSIONAL CERTIFICATE,https://www.coursera.org/professional-certificates/tensorflow-in-practice,
163,528,Desarrollo y Diseño de Videojuegos,5.0,Universidad de los Andes,SPECIALIZATION,https://www.coursera.org/specializations/desarrollo-videojuegos,
164,427,Design of Experiments,4.0,Arizona State University,SPECIALIZATION,https://www.coursera.org/specializations/design-experiments,
165,149,Developing APIs with Google Cloud's Apigee API Platform,3.0,Google Cloud,SPECIALIZATION,https://www.coursera.org/specializations/apigee-api-gcp,
166,57,Developing Applications with Google Cloud,4.0,Google Cloud,SPECIALIZATION,https://www.coursera.org/specializations/developing-apps-gcp,
167,433,Developing Applications with Google Cloud 日本語版,4.0,Google Cloud,SPECIALIZATION,https://www.coursera.org/specializations/developing-apps-gcp-jp,
168,394,Developing Industrial Internet of Things,3.0,University of Colorado Boulder,SPECIALIZATION,https://www.coursera.org/specializations/developing-industrial-iot,
169,213,Developing Your Musicianship,4.0,Berklee College of Music,SPECIALIZATION,https://www.coursera.org/specializations/musicianship-specialization,
170,486,Development of Secure Embedded Systems,4.0,EIT Digital,SPECIALIZATION,https://www.coursera.org/specializations/embedded-systems-security,
171,435,Differential Calculus through Data and Modeling,4.0,Johns Hopkins University,SPECIALIZATION,https://www.coursera.org/specializations/differential-calculus-data-modeling,
172,419,Digital Advertising Strategy,4.0,University of Colorado Boulder,SPECIALIZATION,https://www.coursera.org/specializations/digital-advertising-strategy,
173,590,Digital Business,4.0,Institut Mines-Télécom,SPECIALIZATION,https://www.coursera.org/specializations/digital-business,
174,510,Digital Health,3.0,Imperial College London,SPECIALIZATION,https://www.coursera.org/specializations/digitalhealth,
175,378,Digital Manufacturing & Design Technology,9.0,University at Buffalo,SPECIALIZATION,https://www.coursera.org/specializations/digital-manufacturing-design-technology,
176,34,Digital Marketing,7.0,University of Illinois at Urbana-Champaign,SPECIALIZATION,https://www.coursera.org/specializations/digital-marketing,
177,459,Digital Marketing Strategy and Planning,3.0,Digital Marketing Institute,SPECIALIZATION,https://www.coursera.org/specializations/digital-marketing-strategy-planning,
178,31,Digital Product Management,5.0,University of Virginia,SPECIALIZATION,https://www.coursera.org/specializations/uva-darden-digital-product-management,
179,292,Digital Signal Processing,4.0,École Polytechnique Fédérale de Lausanne,SPECIALIZATION,https://www.coursera.org/specializations/digital-signal-processing,
180,618,Digital Technologies and the Future of Manufacturing,3.0,University of Michigan,SPECIALIZATION,https://www.coursera.org/specializations/digital-technologies-future-of-manufacturing,
181,279,Digital Transformation in Financial Services,4.0,Copenhagen Business School,SPECIALIZATION,https://www.coursera.org/specializations/digital-transformation-financial-services,
182,275,Digital Transformation Using AI/ML with Google Cloud,3.0,Google Cloud,SPECIALIZATION,https://www.coursera.org/specializations/digital-transformation-using-ai-ml-with-google-cloud,
183,395,Digitalisation in Aeronautics and Space,3.0,Technische Universität München (TUM),SPECIALIZATION,https://www.coursera.org/specializations/aerospace,
184,529,Diseño y Creación de videojuegos,6.0,Universitat Autònoma de Barcelona,SPECIALIZATION,https://www.coursera.org/specializations/diseno-videojuegos,
185,216,Django for Everybody,4.0,University of Michigan,SPECIALIZATION,https://www.coursera.org/specializations/django,
186,578,Doing Business in China,4.0,The Chinese University of Hong Kong,SPECIALIZATION,https://www.coursera.org/specializations/doing-business-in-china,
187,252,Drug Development Product Management,3.0,University of California San Diego,SPECIALIZATION,https://www.coursera.org/specializations/drug-development-product-management,
188,594,Правовые основы и базы данных в ядерной отрасли,5.0,National Research Nuclear University MEPhI,SPECIALIZATION,https://www.coursera.org/specializations/nuclear-legal-framework-and-databases,
189,239,Dynamic Public Speaking,4.0,University of Washington,SPECIALIZATION,https://www.coursera.org/specializations/public-speaking,
190,533,Effective Communication in the Globalised Workplace,5.0,National University of Singapore,SPECIALIZATION,https://www.coursera.org/specializations/effective-communication,
191,179,"Effective Communication: Writing, Design, and Presentation",4.0,University of Colorado Boulder,SPECIALIZATION,https://www.coursera.org/specializations/effective-business-communication,
192,381,Effective Professional Communication,5.0,National Research Tomsk State University,SPECIALIZATION,https://www.coursera.org/specializations/effective-professional-communication,
193,481,El Músico Moderno,4.0,Berklee College of Music,SPECIALIZATION,https://www.coursera.org/specializations/musico-moderno,
194,581,Electrodynamics,4.0,Korea Advanced Institute of Science and Technology(KAIST),SPECIALIZATION,https://www.coursera.org/specializations/electrodynamics,
195,164,Electronic Music Production,4.0,Berklee College of Music,SPECIALIZATION,https://www.coursera.org/specializations/electronic-music-production,
196,505,ELL Success in the Content Classroom: Teacher Toolbox Series,4.0,Arizona State University,SPECIALIZATION,https://www.coursera.org/specializations/ell-teaching,
197,383,E-Marketing,3.0,"University of California, Irvine",SPECIALIZATION,https://www.coursera.org/specializations/emarketing,
198,523,Embedded Interface Design,3.0,University of Colorado Boulder,SPECIALIZATION,https://www.coursera.org/specializations/embedded-interface-design,
199,284,Embedding Sensors and Motors,4.0,University of Colorado Boulder,SPECIALIZATION,https://www.coursera.org/specializations/embedding-sensors-motors,
200,499,Emerging Technologies: From Smartphones to IoT to Big Data,4.0,Yonsei University,SPECIALIZATION,https://www.coursera.org/specializations/emerging-technologies,
201,293,"Energy Production, Distribution & Safety",4.0,University at Buffalo,SPECIALIZATION,https://www.coursera.org/specializations/energy-industry,
202,218,Engineering Project Management,3.0,Rice University,SPECIALIZATION,https://www.coursera.org/specializations/engineering-project-management,
203,364,English for Research Publication Purposes,4.0,Moscow Institute of Physics and Technology,SPECIALIZATION,https://www.coursera.org/specializations/english-for-research-publication-purposes,
204,606,English Language Skills A2-B1 CEFR: Low-Intermediate,7.0,Voxy,SPECIALIZATION,https://www.coursera.org/specializations/english-a2-b1-low-intermediate,
205,215,Entrepreneurial Finance: Strategy and Innovation,4.0,Duke University,SPECIALIZATION,https://www.coursera.org/specializations/entrepreneurial-finance,
206,70,Entrepreneurship,5.0,University of Pennsylvania,SPECIALIZATION,https://www.coursera.org/specializations/wharton-entrepreneurship,
207,137,Entrepreneurship: Growing Your Business,4.0,University of Virginia,SPECIALIZATION,https://www.coursera.org/specializations/entrepreneurship-growing-your-business,
208,406,Entrepreneurship: Launching an Innovative Business,4.0,"University of Maryland, College Park",SPECIALIZATION,https://www.coursera.org/specializations/business-entrepreneurship,
209,412,Epidemiology for Public Health,3.0,Imperial College London,SPECIALIZATION,https://www.coursera.org/specializations/public-health-epidemiology,
210,198,Epidemiology in Public Health Practice,5.0,Johns Hopkins University,SPECIALIZATION,https://www.coursera.org/specializations/professional-epidemiology,
211,453,Esports,4.0,"University of California, Irvine",SPECIALIZATION,https://www.coursera.org/specializations/esports,
212,605,Essential English for University Success,3.0,"University of California, Irvine",SPECIALIZATION,https://www.coursera.org/specializations/essential-english-for-university-success,
213,458,Essentials of Corporate Finance,5.0,The University of Melbourne,SPECIALIZATION,https://www.coursera.org/specializations/learn-finance,
214,580,Estrategia de marketing,5.0,IE Business School,SPECIALIZATION,https://www.coursera.org/specializations/estrategia-de-marketing,
215,487,Ethics in the Age of AI,4.0,LearnQuest,SPECIALIZATION,https://www.coursera.org/specializations/ethics-in-ai,
216,509,European Business Law,3.0,Lund University,SPECIALIZATION,https://www.coursera.org/specializations/european-business-law,
217,163,Everyday Excel,3.0,University of Colorado Boulder,SPECIALIZATION,https://www.coursera.org/specializations/everyday-excel,
218,38,Excel Skills for Business,4.0,Macquarie University,SPECIALIZATION,https://www.coursera.org/specializations/excel,
219,478,Excel Skills for Business Forecasting,3.0,Macquarie University,SPECIALIZATION,https://www.coursera.org/specializations/excel-skills-for-business-forecasting,
220,124,Excel Skills for Data Analytics and Visualization,3.0,Macquarie University,SPECIALIZATION,https://www.coursera.org/specializations/excel-data-analytics-visualization,
221,160,Excel to MySQL: Analytic Techniques for Business,5.0,Duke University,SPECIALIZATION,https://www.coursera.org/specializations/excel-mysql,
222,219,Excel/VBA for Creative Problem Solving,3.0,University of Colorado Boulder,SPECIALIZATION,https://www.coursera.org/specializations/excel-vba-creative-problem-solving,
223,139,Executive Data Science,5.0,Johns Hopkins University,SPECIALIZATION,https://www.coursera.org/specializations/executive-data-science,
224,565,Exploring Our Responses to Climate Change,3.0,University of Colorado Boulder,SPECIALIZATION,https://www.coursera.org/specializations/our-responses-climate-change,
225,507,Exploring Piano Literature: The Piano Sonata,3.0,University of Michigan,SPECIALIZATION,https://www.coursera.org/specializations/exploring-piano-literature,
226,318,Extended Reality for Everybody,3.0,University of Michigan,SPECIALIZATION,https://www.coursera.org/specializations/extended-reality-for-everybody,
227,22,Facebook Social Media Marketing,6.0,Facebook,PROFESSIONAL CERTIFICATE,https://www.coursera.org/professional-certificates/facebook-social-media-marketing,
228,588,Fandom and Popular Culture in the Digital Age,3.0,University of Colorado Boulder,SPECIALIZATION,https://www.coursera.org/specializations/fandom-popular-culture-digital-age,
229,26,Finance & Quantitative Modeling for Analysts,4.0,University of Pennsylvania,SPECIALIZATION,https://www.coursera.org/specializations/finance-quantitative-modeling-analysts,
230,579,Finance for Everyone,5.0,McMaster University,SPECIALIZATION,https://www.coursera.org/specializations/finance-for-everyone,
231,136,Financial Engineering and Risk Management,5.0,Columbia University,SPECIALIZATION,https://www.coursera.org/specializations/financialengineering,
232,246,Financial Management,7.0,University of Illinois at Urbana-Champaign,SPECIALIZATION,https://www.coursera.org/specializations/financial-management,
233,350,Financial Markets and Investment Strategy,5.0,Indian School of Business,SPECIALIZATION,https://www.coursera.org/specializations/investment-strategy,
234,288,Financial Reporting,5.0,University of Illinois at Urbana-Champaign,SPECIALIZATION,https://www.coursera.org/specializations/financial-reporting,
235,106,Financial Technology (Fintech) Innovations,4.0,University of Michigan,SPECIALIZATION,https://www.coursera.org/specializations/financialtechnology,
236,464,Fintech Startups in Emerging Markets,4.0,University of Cape Town,SPECIALIZATION,https://www.coursera.org/specializations/fintech-startups-emerging-markets,
237,243,FinTech: Finance Industry Transformation and Regulation,4.0,The Hong Kong University of Science and Technology,SPECIALIZATION,https://www.coursera.org/specializations/fintech,
238,42,Fintech: Foundations & Applications of Financial Technology,4.0,University of Pennsylvania,SPECIALIZATION,https://www.coursera.org/specializations/wharton-fintech,
239,614,First Principles of Computer Vision,5.0,Columbia University,SPECIALIZATION,https://www.coursera.org/specializations/firstprinciplesofcomputervision,
240,202,"Food Sustainability, Mindful Eating, and Healthy Cooking",3.0,Stanford University,SPECIALIZATION,https://www.coursera.org/specializations/food-sustainability-mindful-eating-healthy-cooking,
241,223,Foundational Finance for Strategic Decision Making,4.0,University of Michigan,SPECIALIZATION,https://www.coursera.org/specializations/foundational-finance,
242,229,Foundations of Global Health,6.0,Johns Hopkins University,SPECIALIZATION,https://www.coursera.org/specializations/global-health,
243,118,Foundations of Management,5.0,IESE Business School,SPECIALIZATION,https://www.coursera.org/specializations/foundations-management,
244,498,Foundations of Marketing Analytics,6.0,Emory University,SPECIALIZATION,https://www.coursera.org/specializations/marketing-analytics,
245,43,Foundations of Positive Psychology,5.0,University of Pennsylvania,SPECIALIZATION,https://www.coursera.org/specializations/positivepsychology,
246,277,Foundations of Public Health Practice,4.0,Imperial College London,SPECIALIZATION,https://www.coursera.org/specializations/foundations-public-health-practice,
247,255,FPGA Design for Embedded Systems,4.0,University of Colorado Boulder,SPECIALIZATION,https://www.coursera.org/specializations/fpga-design,
248,265,From Data to Insights with Google Cloud,4.0,Google Cloud,SPECIALIZATION,https://www.coursera.org/specializations/from-data-to-insights-google-cloud-platform,
249,625,From Data to Insights with Google Cloud 日本語版,4.0,Google Cloud,SPECIALIZATION,https://www.coursera.org/specializations/from-data-to-insights-google-cloud-platform-jp,
250,199,Full Stack Web Development with Angular,3.0,The Hong Kong University of Science and Technology,SPECIALIZATION,https://www.coursera.org/specializations/full-stack-mobile-app-development,
251,172,Full-Stack Web Development with React,3.0,The Hong Kong University of Science and Technology,SPECIALIZATION,https://www.coursera.org/specializations/full-stack-react,
252,167,Functional Programming in Scala,5.0,École Polytechnique Fédérale de Lausanne,SPECIALIZATION,https://www.coursera.org/specializations/scala,
253,138,Fundamentals of Accounting,5.0,University of Illinois at Urbana-Champaign,SPECIALIZATION,https://www.coursera.org/specializations/accounting-fundamentals,
254,518,Fundamentals of Computer Network Security,4.0,University of Colorado System,SPECIALIZATION,https://www.coursera.org/specializations/computer-network-security,
255,253,Fundamentals of Computing,7.0,Rice University,SPECIALIZATION,https://www.coursera.org/specializations/computer-fundamentals,
256,206,Fundamentals of Immunology,4.0,Rice University,SPECIALIZATION,https://www.coursera.org/specializations/immunology,
257,316,Fundamentos de Ciencia de Datos con Python y SQL,4.0,IBM,SPECIALIZATION,https://www.coursera.org/specializations/fundamentos-de-ciencia-de-datos-con-python-y-sql,
258,444,Fundamentos de IA para Todos,3.0,IBM,SPECIALIZATION,https://www.coursera.org/specializations/fundamentos-de-ia-para-todos,
259,348,Fundamentos del Análisis y Visualización de Datos,3.0,IBM,SPECIALIZATION,https://www.coursera.org/specializations/fundamentos-del-analisis-y-visualizacion-de-datos,
260,539,Fundamentos Empresariales,5.0,University of Pennsylvania,SPECIALIZATION,https://www.coursera.org/specializations/wharton-fundamentos-empresariales,
261,363,Fundraising and Development,4.0,"University of California, Davis",SPECIALIZATION,https://www.coursera.org/specializations/fundraising-development,
262,194,Futures Thinking,5.0,Institute for the Future,SPECIALIZATION,https://www.coursera.org/specializations/futures-thinking,
263,282,Game Design and Development with Unity 2020,5.0,Michigan State University,SPECIALIZATION,https://www.coursera.org/specializations/game-design-and-development,
264,241,Game Design: Art and Concepts,5.0,California Institute of the Arts,SPECIALIZATION,https://www.coursera.org/specializations/game-design,
265,251,Gender Analytics: Gender Equity through Inclusive Design,5.0,University of Toronto,SPECIALIZATION,https://www.coursera.org/specializations/gender-analytics,
266,76,Generative Adversarial Networks (GANs),3.0,DeepLearning.AI,SPECIALIZATION,https://www.coursera.org/specializations/generative-adversarial-networks-gans,
267,82,Genomic Data Science,8.0,Johns Hopkins University,SPECIALIZATION,https://www.coursera.org/specializations/genomic-data-science,
268,134,Geographic Information Systems (GIS),5.0,"University of California, Davis",SPECIALIZATION,https://www.coursera.org/specializations/gis,
269,144,Getting started with Google Workspace,8.0,Google Cloud,SPECIALIZATION,https://www.coursera.org/specializations/getting-started-with-google-workspace,
270,628,Getting Started with Google Workspace 日本語版,7.0,Google Cloud,SPECIALIZATION,https://www.coursera.org/specializations/getting-started-with-google-workspace-jp,
271,593,Getting Started with Google Workspace en Español,7.0,Google Cloud,SPECIALIZATION,https://www.coursera.org/specializations/getting-started-with-google-workspace-es,
272,232,"GIS, Mapping, and Spatial Analysis",0.0,University of Toronto,SPECIALIZATION,https://www.coursera.org/specializations/gis-mapping-spatial-analysis,
273,587,Global Challenges in Business,7.0,University of Illinois at Urbana-Champaign,SPECIALIZATION,https://www.coursera.org/specializations/global-challenges-business,
274,461,Global Disease Masterclass,3.0,Imperial College London,SPECIALIZATION,https://www.coursera.org/specializations/gmph-global-disease-masterclass,
275,454,Global Health Innovations,3.0,Imperial College London,SPECIALIZATION,https://www.coursera.org/specializations/global-health-innovations,
276,89,Global Procurement and Sourcing,7.0,Rutgers the State University of New Jersey,SPECIALIZATION,https://www.coursera.org/specializations/procurement-sourcing,
277,483,"Globalización, Crecimiento Económico y Estabilidad",3.0,IE Business School,SPECIALIZATION,https://www.coursera.org/specializations/globalizacion-crecimiento-economico-y-estabilidad,
278,511,"Globalization, Economic Growth and Stability",3.0,IE Business School,SPECIALIZATION,https://www.coursera.org/specializations/globalization-economic-growth-and-stability,
279,571,Good with Words: Speaking and Presenting,4.0,University of Michigan,SPECIALIZATION,https://www.coursera.org/specializations/good-with-words-speaking-and-presenting,
280,147,Good with Words: Writing and Editing,4.0,University of Michigan,SPECIALIZATION,https://www.coursera.org/specializations/good-with-words,
281,133,Google Cloud Digital Leader Training,4.0,Google Cloud,PROFESSIONAL CERTIFICATE,https://www.coursera.org/professional-certificates/google-cloud-digital-leader-training,
282,0,Google Data Analytics,8.0,Google,PROFESSIONAL CERTIFICATE,https://www.coursera.org/professional-certificates/google-data-analytics,
283,16,Google IT Automation with Python,6.0,Google,PROFESSIONAL CERTIFICATE,https://www.coursera.org/professional-certificates/google-it-automation,
284,4,Google IT Support,5.0,Google,PROFESSIONAL CERTIFICATE,https://www.coursera.org/professional-certificates/google-it-support,
285,601,Google IT Support (Deutsch),5.0,Google,PROFESSIONAL CERTIFICATE,https://www.coursera.org/professional-certificates/google-it-de,
286,471,Google شهادة تقنية المعلومات من,5.0,Google,PROFESSIONAL CERTIFICATE,https://www.coursera.org/professional-certificates/google-it-arabic,
287,1,Google Project Management:,6.0,Google,PROFESSIONAL CERTIFICATE,https://www.coursera.org/professional-certificates/google-project-management,
288,3,Google UX Design,4.0,Google,PROFESSIONAL CERTIFICATE,https://www.coursera.org/professional-certificates/google-ux-design,
289,192,Google Workspace Administration,5.0,Google Cloud,SPECIALIZATION,https://www.coursera.org/specializations/g-suite-administration,
290,557,Google Workspace Administration 日本語版,4.0,Google Cloud,SPECIALIZATION,https://www.coursera.org/specializations/g-suite-administration-jp,
291,72,Graphic Design,5.0,California Institute of the Arts,SPECIALIZATION,https://www.coursera.org/specializations/graphic-design,
292,376,Graphic Design Elements for Non-Designers,4.0,University of Colorado Boulder,SPECIALIZATION,https://www.coursera.org/specializations/graphic-design-elements-non-designers,
293,494,Hands-on Foundations for Data Science and Machine Learning with Google Cloud Labs,4.0,Google Cloud,SPECIALIZATION,https://www.coursera.org/specializations/hands-on-data-science-machine-learning,
294,451,Hands-on Internet of Things,4.0,University of Illinois at Urbana-Champaign,SPECIALIZATION,https://www.coursera.org/specializations/uiuc-iot,
295,570,Hands-on Machine Learning with Google Cloud Labs,3.0,Google Cloud,SPECIALIZATION,https://www.coursera.org/specializations/hands-on-machine-learning,
296,294,Health Informatics,5.0,Johns Hopkins University,SPECIALIZATION,https://www.coursera.org/specializations/health-informatics,
297,312,Health Information Literacy for Data Analytics,4.0,"University of California, Davis",SPECIALIZATION,https://www.coursera.org/specializations/healthcare-information-literacy-data-analytics,
298,382,Health Systems Development,3.0,Imperial College London,SPECIALIZATION,https://www.coursera.org/specializations/health-systems-development,
299,388,Healthcare IT Support,4.0,Johns Hopkins University,SPECIALIZATION,https://www.coursera.org/specializations/healthcare-it,
300,209,Healthcare Law,4.0,University of Pennsylvania,SPECIALIZATION,https://www.coursera.org/specializations/healthcare-law,
301,424,Healthcare Marketplace,5.0,University of Minnesota,SPECIALIZATION,https://www.coursera.org/specializations/healthcare-marketplace,
302,330,Healthcare Organization Operations,4.0,Rutgers the State University of New Jersey,SPECIALIZATION,https://www.coursera.org/specializations/healthcare-organization-operations,
303,506,Healthcare Trends for Business Professionals,4.0,Northeastern University,SPECIALIZATION,https://www.coursera.org/specializations/healthcare-trends-business-professionals,
304,475,Homeland Security and Cybersecurity,4.0,University of Colorado System,SPECIALIZATION,https://www.coursera.org/specializations/homeland-security-cybersecurity,
305,274,"Hotel Management: Distribution, Revenue and Demand Management",4.0,ESSEC Business School,SPECIALIZATION,https://www.coursera.org/specializations/hotel-management,
306,174,How to Play Guitar,4.0,Berklee College of Music,SPECIALIZATION,https://www.coursera.org/specializations/play-guitar,
307,422,How to Start Your Own Business,6.0,Michigan State University,SPECIALIZATION,https://www.coursera.org/specializations/start-your-own-business,
308,99,Human Resource Management: HR for People Managers,5.0,University of Minnesota,SPECIALIZATION,https://www.coursera.org/specializations/human-resource-management,
309,37,IBM AI Engineering,6.0,IBM,PROFESSIONAL CERTIFICATE,https://www.coursera.org/professional-certificates/ai-engineer,
310,370,IBM AI Enterprise Workflow,6.0,IBM,SPECIALIZATION,https://www.coursera.org/specializations/ibm-ai-workflow,
311,14,IBM AI Foundations for Business,3.0,IBM,SPECIALIZATION,https://www.coursera.org/specializations/ibm-ai-foundations-for-business,
312,21,IBM Applied AI,6.0,IBM,PROFESSIONAL CERTIFICATE,https://www.coursera.org/professional-certificates/applied-artifical-intelligence-ibm-watson-ai,
313,19,IBM Cybersecurity Analyst,8.0,IBM,PROFESSIONAL CERTIFICATE,https://www.coursera.org/professional-certificates/ibm-cybersecurity-analyst,
314,5,IBM Data Analyst,9.0,IBM,PROFESSIONAL CERTIFICATE,https://www.coursera.org/professional-certificates/ibm-data-analyst,
315,12,IBM Data Analytics with Excel and R,8.0,IBM,PROFESSIONAL CERTIFICATE,https://www.coursera.org/professional-certificates/ibm-data-analyst-r-excel,
316,11,IBM Data Engineering,13.0,IBM,PROFESSIONAL CERTIFICATE,https://www.coursera.org/professional-certificates/ibm-data-engineer,
317,2,IBM Data Science,10.0,IBM,PROFESSIONAL CERTIFICATE,https://www.coursera.org/professional-certificates/ibm-data-science,
318,18,IBM Full Stack Cloud Developer,10.0,IBM,PROFESSIONAL CERTIFICATE,https://www.coursera.org/professional-certificates/ibm-full-stack-cloud-developer,
319,78,IBM Introduction to Machine Learning,4.0,IBM,SPECIALIZATION,https://www.coursera.org/specializations/ibm-intro-machine-learning,
320,68,IBM Machine Learning,6.0,IBM,PROFESSIONAL CERTIFICATE,https://www.coursera.org/professional-certificates/ibm-machine-learning,
321,338,IBM z/OS Mainframe Practitioner,3.0,IBM,PROFESSIONAL CERTIFICATE,https://www.coursera.org/professional-certificates/ibm-z-mainframe,
322,413,ICPM Certified Supervisor,3.0,Institute of Certified Professional Managers,PROFESSIONAL CERTIFICATE,https://www.coursera.org/professional-certificates/icpm-certified-supervisor,
323,200,IELTS Preparation,3.0,"University of California, Irvine",SPECIALIZATION,https://www.coursera.org/specializations/ielts-preparation,
324,343,Impacts of the Environment on Global Public Health,4.0,University of Michigan,SPECIALIZATION,https://www.coursera.org/specializations/impacts-of-the-environment-on-global-public-health,
325,472,Implementación del Marketing Mix,5.0,IE Business School,SPECIALIZATION,https://www.coursera.org/specializations/implementacion-marketing-mix,
326,367,Implementing RPA with Cognitive Automation and Analytics,4.0,Automation Anywhere,SPECIALIZATION,https://www.coursera.org/specializations/rpa-cognitive-analytics,
327,45,Improve Your English Communication Skills,4.0,Georgia Institute of Technology,SPECIALIZATION,https://www.coursera.org/specializations/improve-english,
328,372,Improving Leadership & Governance in Nonprofit Organizations,4.0,University at Buffalo,SPECIALIZATION,https://www.coursera.org/specializations/nonprofit,
329,428,Infectious Disease Modelling,3.0,Imperial College London,SPECIALIZATION,https://www.coursera.org/specializations/infectious-disease-modelling,
330,132,"Influencing: Storytelling, Change Management and Governance",4.0,Macquarie University,SPECIALIZATION,https://www.coursera.org/specializations/influencing-storytelling-change-management,
331,212,Information Systems,4.0,University of Minnesota,SPECIALIZATION,https://www.coursera.org/specializations/information-systems,
332,411,Information Visualization,4.0,New York University,SPECIALIZATION,https://www.coursera.org/specializations/information-visualization,
333,324,Inglés Empresarial,4.0,Arizona State University,SPECIALIZATION,https://www.coursera.org/specializations/ingles-empresarial,
334,572,Innovation and entrepreneurship,4.0,Tecnológico de Monterrey,SPECIALIZATION,https://www.coursera.org/specializations/innovation-entrepreneurship,
335,211,Innovation: From Creativity to Entrepreneurship,7.0,University of Illinois at Urbana-Champaign,SPECIALIZATION,https://www.coursera.org/specializations/innovation-creativity-entrepreneurship,
336,260,Inspirational Leadership: Leading with Sense,4.0,HEC Paris,SPECIALIZATION,https://www.coursera.org/specializations/inspirational-leadership,
337,270,Inspirational Leadership: Leading with Sense,4.0,Case Western Reserve University,SPECIALIZATION,https://www.coursera.org/specializations/inspirational-leadership,
338,176,Inspired Leadership,4.0,Google Cloud,SPECIALIZATION,https://www.coursera.org/specializations/inspired-leadership,
339,374,Installing and Managing Google Cloud’s Apigee API Platform for Private Cloud,3.0,Johns Hopkins University,SPECIALIZATION,https://www.coursera.org/specializations/apigee-api-gcp-onprem,
340,452,Integral Calculus through Data and Modeling,4.0,University of Minnesota,SPECIALIZATION,https://www.coursera.org/specializations/integral-calculus-data-modeling,
341,146,Integrative Health and Medicine,5.0,University of Minnesota,SPECIALIZATION,https://www.coursera.org/specializations/integrative-health-and-medicine,
342,291,Integrative Nursing,4.0,University of Pennsylvania,SPECIALIZATION,https://www.coursera.org/specializations/integrative-nursing,
343,143,Intellectual Property Law,4.0,University of California San Diego,SPECIALIZATION,https://www.coursera.org/specializations/introduction-intellectual-property,
344,156,Interaction Design,8.0,University of Colorado Boulder,SPECIALIZATION,https://www.coursera.org/specializations/interaction-design,
345,473,International Business,4.0,University of London,SPECIALIZATION,https://www.coursera.org/specializations/international-business,
346,349,International Business Essentials,6.0,Yonsei University,SPECIALIZATION,https://www.coursera.org/specializations/mba,
347,541,International Marketing & Cross Industry Growth,6.0,University of California San Diego,SPECIALIZATION,https://www.coursera.org/specializations/international-marketing,
348,602,Internet of Things and AI Cloud,6.0,"University of Maryland, College Park",SPECIALIZATION,https://www.coursera.org/specializations/internet-of-things,
349,409,Interviewing and Resume Writing in English,5.0,IBM,SPECIALIZATION,https://www.coursera.org/specializations/english-interview-resume,
350,286,Introducción a la Especialización en Ciencia de Datos,4.0,LearnQuest,SPECIALIZATION,https://www.coursera.org/specializations/introduccion-a-la-especializacion-en-ciencia-de-datos,
351,463,Introduction to Application Development,4.0,University of Colorado System,SPECIALIZATION,https://www.coursera.org/specializations/beginning-application-developer,
352,536,Introduction to Applied Cryptography,4.0,Association of International Certified Professional Accountants,SPECIALIZATION,https://www.coursera.org/specializations/introduction-applied-cryptography,
353,496,Introduction to Blockchain,3.0,"University of California, Irvine",SPECIALIZATION,https://www.coursera.org/specializations/introduction-to-blockchain,
354,564,Introduction to Business,3.0,University of Illinois at Urbana-Champaign,SPECIALIZATION,https://www.coursera.org/specializations/business-introduction,
355,515,Introduction to Business Analytics and Information Economics,4.0,Databricks,SPECIALIZATION,https://www.coursera.org/specializations/analytics-information,
356,561,Introduction to Computational Statistics for Data Scientists,3.0,"University of California, Irvine",SPECIALIZATION,https://www.coursera.org/specializations/compstats,
357,491,Introduction to Computer Information Systems,3.0,LearnQuest,SPECIALIZATION,https://www.coursera.org/specializations/introduction-computer-infosystems,
358,361,Introduction to Computer Programming with Visual Basic,4.0,University of London,SPECIALIZATION,https://www.coursera.org/specializations/visual-basic-computer-programming,
359,169,Introduction to Computer Science and Programming,3.0,New York University,SPECIALIZATION,https://www.coursera.org/specializations/introduction-computer-science-programming,
360,165,Introduction to Cyber Security,4.0,"University of California, Irvine",SPECIALIZATION,https://www.coursera.org/specializations/intro-cyber-security,
361,244,Introduction to Cybersecurity & Risk Management,3.0,IBM,SPECIALIZATION,https://www.coursera.org/specializations/information-security,
362,7,Introduction to Data Science,4.0,University of California San Diego,SPECIALIZATION,https://www.coursera.org/specializations/introduction-data-science,
363,109,Introduction to Discrete Mathematics for Computer Science,5.0,Rice University,SPECIALIZATION,https://www.coursera.org/specializations/discrete-mathematics,
364,531,Introduction to Electricity and Magnetism,4.0,University of Pennsylvania,SPECIALIZATION,https://www.coursera.org/specializations/introduction-to-electricity-magnetism,
365,27,Introduction to Finance and Accounting,4.0,"University of California, Irvine",SPECIALIZATION,https://www.coursera.org/specializations/finance-accounting,
366,301,Introduction to Financial Accounting: The Accounting Cycle,3.0,Duke University,SPECIALIZATION,https://www.coursera.org/specializations/accounting,
367,309,Introduction to Logic and Critical Thinking,4.0,Rice University,SPECIALIZATION,https://www.coursera.org/specializations/logic-critical-thinking-duke,
368,575,Introduction to Mechanics,3.0,University of Pennsylvania,SPECIALIZATION,https://www.coursera.org/specializations/introduction-to-mechanics,
369,91,Introduction to Programming with Python and Java,4.0,University of Colorado Boulder,SPECIALIZATION,https://www.coursera.org/specializations/programming-python-java,
370,391,Introduction to Public Relations and the Media,3.0,Rice University,SPECIALIZATION,https://www.coursera.org/specializations/introduction-to-public-relations-and-the-media,
371,319,Introduction to Scripting in Python,4.0,HSE University,SPECIALIZATION,https://www.coursera.org/specializations/introduction-scripting-in-python,
372,373,Introduction to value based business analytics,5.0,Duke University,SPECIALIZATION,https://www.coursera.org/specializations/value-based-business-analytics,
373,242,Introductory C Programming,4.0,Intuit,PROFESSIONAL CERTIFICATE,https://www.coursera.org/specializations/c-programming,
374,63,Intuit Bookkeeping,4.0,Rice University,SPECIALIZATION,https://www.coursera.org/professional-certificates/intuit-bookkeeping,
375,231,Investment and Portfolio Management,5.0,University of Geneva,SPECIALIZATION,https://www.coursera.org/specializations/investment-portolio-management,
376,185,Investment Management,5.0,EDHEC Business School,SPECIALIZATION,https://www.coursera.org/specializations/investment-management,
377,123,Investment Management with Python and Machine Learning,4.0,University of Toronto,SPECIALIZATION,https://www.coursera.org/specializations/investment-management-python-machine-learning,
378,484,iOS App Development with Swift,4.0,"University of California, Irvine",SPECIALIZATION,https://www.coursera.org/specializations/app-development,
379,542,iOS Development for Creative Entrepreneurs,6.0,IBM,SPECIALIZATION,https://www.coursera.org/specializations/ios-development,
380,20,IT Fundamentals for Cybersecurity,4.0,Google,PROFESSIONAL CERTIFICATE,https://www.coursera.org/specializations/it-fundamentals-cybersecurity,
381,445,IT-поддержка Google,5.0,LearnQuest,SPECIALIZATION,https://www.coursera.org/professional-certificates/google-it-ru,
382,608,Java as a Second Language,3.0,Duke University,SPECIALIZATION,https://www.coursera.org/specializations/java-programming-language,
383,88,Java Programming and Software Engineering Fundamentals,5.0,"University of California, Davis",SPECIALIZATION,https://www.coursera.org/specializations/java-programming,
384,280,JavaScript for Beginners,4.0,Infosec,SPECIALIZATION,https://www.coursera.org/specializations/javascript-beginner,
385,573,JavaScript Security,4.0,Yale University,SPECIALIZATION,https://www.coursera.org/specializations/javascript-security,
386,535,Journey of the Universe: A Story for Our Times,3.0,IBM,SPECIALIZATION,https://www.coursera.org/specializations/journey-of-the-universe,
387,9,Key Technologies for Business,3.0,LearnQuest,SPECIALIZATION,https://www.coursera.org/specializations/key-technologies-for-business,
388,547,Key Technologies in Data Analytics,4.0,Saint Petersburg State University,SPECIALIZATION,https://www.coursera.org/specializations/key-technologies-data-analytics,
389,401,Korean for Beginners,4.0,Tecnológico de Monterrey,SPECIALIZATION,https://www.coursera.org/specializations/korean-for-beginners,
390,545,Leadership and Critical Thinking,3.0,Tecnológico de Monterrey,SPECIALIZATION,https://www.coursera.org/specializations/leadership-critical-thinking,
391,543,Leadership and Negotiation Skills,3.0,Rice University,SPECIALIZATION,https://www.coursera.org/specializations/leadership-negotiation-skills,
392,489,Leadership Development for Engineers,3.0,The State University of New York,SPECIALIZATION,https://www.coursera.org/specializations/leadership-development-engineers,
393,537,Leadership for Public Health Crises,3.0,Tecnológico de Monterrey,SPECIALIZATION,https://www.coursera.org/specializations/leadership-public-health-crises,
394,592,Leading a Family Business,3.0,University of Michigan,SPECIALIZATION,https://www.coursera.org/specializations/leading-family-business,
395,131,Leading People and Teams,5.0,University of Colorado Boulder,SPECIALIZATION,https://www.coursera.org/specializations/leading-teams,
396,467,Leading Sustainable Community Transformation,3.0,University of Virginia,SPECIALIZATION,https://www.coursera.org/specializations/sustainable-transformation,
397,28,Leading the Modern Day Business,4.0,Macquarie University,SPECIALIZATION,https://www.coursera.org/specializations/leading-modern-day-business,
398,390,Leading: Human Resource Management and Leadership,4.0,Peking University,SPECIALIZATION,https://www.coursera.org/specializations/hr-management-leadership,
399,263,Learn Chinese: HSK Test Preparation,4.0,Tsinghua University,SPECIALIZATION,https://www.coursera.org/specializations/hsk-learn-chinese,
400,310,Learn English,4.0,"University of California, Irvine",SPECIALIZATION,https://www.coursera.org/specializations/learn-english,
401,449,Learn English: Advanced Academic Speaking and Listening,4.0,"University of California, Irvine",SPECIALIZATION,https://www.coursera.org/specializations/speaklistenenglish,
402,326,Learn English: Advanced Grammar and Punctuation,4.0,"University of California, Irvine",SPECIALIZATION,https://www.coursera.org/specializations/advanced-grammar-punctuation,
403,414,Learn English: Beginning Grammar,3.0,"University of California, Irvine",SPECIALIZATION,https://www.coursera.org/specializations/learn-english-beginning-grammar,
404,256,Learn English: Intermediate Grammar,4.0,Shanghai Jiao Tong University,SPECIALIZATION,https://www.coursera.org/specializations/intermediate-grammar,
405,366,Learn Mandarin Chinese,4.0,Shanghai Jiao Tong University,SPECIALIZATION,https://www.coursera.org/specializations/learn-mandarin,
406,480,Learn Mandarin Chinese: Intermediate,4.0,"University of California, Davis",SPECIALIZATION,https://www.coursera.org/specializations/learn-mandarin-chinese-intermediate,
407,189,Learn Spanish: Basic Spanish Vocabulary,5.0,"University of California, Davis",SPECIALIZATION,https://www.coursera.org/specializations/learn-spanish,
408,32,Learn SQL Basics for Data Science,4.0,University of California San Diego,SPECIALIZATION,https://www.coursera.org/specializations/learn-sql-basics-data-science,
409,591,Learn to Teach Java,5.0,"University of Maryland, College Park",SPECIALIZATION,https://www.coursera.org/specializations/teach-java,
410,538,Legal Aspects of Entrepreneurship,3.0,Red Hat,SPECIALIZATION,https://www.coursera.org/specializations/legal-aspects-of-entrepreneurship,
411,273,Linux and Private Cloud Administration on IBM Power Systems,3.0,University of Washington,SPECIALIZATION,https://www.coursera.org/specializations/linux-private-cloud-administration-power-systems,
412,304,Machine Learning and Reinforcement Learning in Finance,4.0,New York University,SPECIALIZATION,https://www.coursera.org/specializations/machine-learning-reinforcement-finance,
413,24,Machine Learning Engineering for Production (MLOps),4.0,DeepLearning.AI,SPECIALIZATION,https://www.coursera.org/specializations/machine-learning-engineering-for-production-mlops,
414,482,Machine Learning for Supply Chains,4.0,LearnQuest,SPECIALIZATION,https://www.coursera.org/specializations/machine-learning-supply-chain,
415,303,Machine Learning for Trading,3.0,New York Institute of Finance,SPECIALIZATION,https://www.coursera.org/specializations/machine-learning-trading,
416,347,Machine Learning Rock Star – the End-to-End Practice,3.0,SAS,SPECIALIZATION,https://www.coursera.org/specializations/machine-learning-for-everyone,
417,532,Machine Learning with TensorFlow Google Cloud 日本語版,5.0,Google Cloud,SPECIALIZATION,https://www.coursera.org/specializations/machine-learning-tensorflow-gcp-jp,
418,111,Machine Learning with TensorFlow on Google Cloud,5.0,Google Cloud,SPECIALIZATION,https://www.coursera.org/specializations/machine-learning-tensorflow-gcp,
419,626,Machine Learning with TensorFlow on Google Cloud em Português Brasileiro,5.0,Google Cloud,SPECIALIZATION,https://www.coursera.org/specializations/machine-learning-tensorflow-gcp-br,
420,503,Machine Learning with TensorFlow on Google Cloud en Español,5.0,Google Cloud,SPECIALIZATION,https://www.coursera.org/specializations/machine-learning-tensorflow-gcp-es,
421,623,Machine Learning with TensorFlow on Google Cloud en Français,5.0,Google Cloud,SPECIALIZATION,https://www.coursera.org/specializations/machine-learning-tensorflow-gcp-fr,
422,567,Machine Learning: Algorithms in the Real World,4.0,Alberta Machine Intelligence Institute,SPECIALIZATION,https://www.coursera.org/specializations/machine-learning-algorithms-real-world,
423,421,Managerial Economics and Business Analysis,7.0,University of Illinois at Urbana-Champaign,SPECIALIZATION,https://www.coursera.org/specializations/managerial-economics-business-analysis,
424,221,Managing Cybersecurity,5.0,University System of Georgia,SPECIALIZATION,https://www.coursera.org/specializations/managing-cybersecurity,
425,352,Managing Google Cloud's Apigee API Platform for Hybrid Cloud,3.0,Google Cloud,SPECIALIZATION,https://www.coursera.org/specializations/managing-apigee-api-platform-for-hybrid-cloud,
426,522,Managing Innovation and Design Thinking,,HEC Paris,SPECIALIZATION,https://www.coursera.org/browse/business/leadership-and-management,
427,405,Managing Major Engineering Projects,3.0,University of Leeds,SPECIALIZATION,https://www.coursera.org/specializations/managing-major-engineering-projects,
428,195,Market Research,4.0,"University of California, Davis",SPECIALIZATION,https://www.coursera.org/specializations/market-research,
429,599,Marketing Channel Strategy & B2B2C Routes to Market,4.0,Emory University,SPECIALIZATION,https://www.coursera.org/specializations/marketingchannelstrategy,
430,325,Marketing con Redes Sociales,5.0,Tecnológico de Monterrey,SPECIALIZATION,https://www.coursera.org/specializations/marketing-redes-sociales,
431,603,Marketing de Mídias Sociais do Facebook,6.0,Facebook,PROFESSIONAL CERTIFICATE,https://www.coursera.org/professional-certificates/marketing-de-midias-sociais-do-facebook,
432,485,Marketing en redes sociales de Facebook,6.0,Facebook,PROFESSIONAL CERTIFICATE,https://www.coursera.org/professional-certificates/marketing-en-redes-sociales-de-facebook,
433,237,Marketing Mix Implementation,5.0,IE Business School,SPECIALIZATION,https://www.coursera.org/specializations/marketing-mix,
434,287,Marketing Strategy,5.0,IE Business School,SPECIALIZATION,https://www.coursera.org/specializations/marketing-strategy,
435,300,Mastering Software Development in R,5.0,Johns Hopkins University,SPECIALIZATION,https://www.coursera.org/specializations/r,
436,320,Mathematics for Data Science,4.0,HSE University,SPECIALIZATION,https://www.coursera.org/specializations/mathematics-for-data-science,
437,105,Mathematics for Machine Learning,3.0,Imperial College London,SPECIALIZATION,https://www.coursera.org/specializations/mathematics-machine-learning,
438,103,MATLAB Programming for Engineers and Scientists,3.0,Vanderbilt University,SPECIALIZATION,https://www.coursera.org/specializations/matlab-programming-engineers-scientists,
439,386,Medical Cannabis: The Health Effects of THC and CBD,4.0,University of Colorado Boulder,SPECIALIZATION,https://www.coursera.org/specializations/health-effects-cannabis-thc-cbd,
440,203,Memoir and Personal Essay: Write About Yourself,4.0,Wesleyan University,SPECIALIZATION,https://www.coursera.org/specializations/memoir-personal-essay,
441,79,Methods and Statistics in Social Sciences,5.0,University of Amsterdam,SPECIALIZATION,https://www.coursera.org/specializations/social-science,
442,359,Microsoft Azure AI Fundamentals AI-900 Exam Prep,5.0,Microsoft,SPECIALIZATION,https://www.coursera.org/specializations/microsoft-azure-ai-900-ai-fundamentals,
443,468,Microsoft Azure Data Engineering Associate DP-203 Exam Prep,8.0,Microsoft,SPECIALIZATION,https://www.coursera.org/specializations/microsoft-azure-dp-203-data-engineering,
444,230,Microsoft Azure Data Fundamentals DP-900 Exam Prep,5.0,Microsoft,SPECIALIZATION,https://www.coursera.org/specializations/microsoft-azure-dp-900-data-fundamentals,
445,145,Microsoft Azure Fundamentals AZ-900 Exam Prep,4.0,Microsoft,SPECIALIZATION,https://www.coursera.org/specializations/microsoft-azure-fundamentals-az-900,
446,425,Mind and Machine,4.0,University of Colorado Boulder,SPECIALIZATION,https://www.coursera.org/specializations/mind-machine,
447,407,Modeling and Control of Power Electronics,5.0,University of Colorado Boulder,SPECIALIZATION,https://www.coursera.org/specializations/modeling-and-control-of-power-electronics,
448,46,Modern and Contemporary Art and Design,4.0,The Museum of Modern Art,SPECIALIZATION,https://www.coursera.org/specializations/modern-contemporary-art-design,
449,64,Modern Application Development with .NET on AWS,3.0,Amazon Web Services,SPECIALIZATION,https://www.coursera.org/specializations/aws-net-serverless-development,
450,58,Modern Application Development with Java on AWS,4.0,Amazon Web Services,SPECIALIZATION,https://www.coursera.org/specializations/aws-java-serverless-development,
451,60,Modern Application Development with Node.js on AWS,3.0,Amazon Web Services,SPECIALIZATION,https://www.coursera.org/specializations/aws-nodejs-serverless-development,
452,56,Modern Application Development with Python on AWS,4.0,Amazon Web Services,SPECIALIZATION,https://www.coursera.org/specializations/aws-python-serverless-development,
453,272,Modern Big Data Analysis with SQL,3.0,Cloudera,SPECIALIZATION,https://www.coursera.org/specializations/cloudera-big-data-analysis-sql,
454,315,"Modern Robotics: Mechanics, Planning, and Control",6.0,Northwestern University,SPECIALIZATION,https://www.coursera.org/specializations/modernrobotics,
455,170,Music Business,4.0,Berklee College of Music,SPECIALIZATION,https://www.coursera.org/specializations/music-business,
456,126,Music Education for Teachers,4.0,Berklee College of Music,SPECIALIZATION,https://www.coursera.org/specializations/music-education,
457,104,Music Production,4.0,Berklee College of Music,SPECIALIZATION,https://www.coursera.org/specializations/music-production,
458,627,Musician’s Professional Toolbox: Your Portfolio Career,4.0,University of Colorado Boulder,SPECIALIZATION,https://www.coursera.org/specializations/music-career-toolbox-managing-your-portfolio-career,
459,33,Natural Language Processing,4.0,DeepLearning.AI,SPECIALIZATION,https://www.coursera.org/specializations/natural-language-processing,
460,328,"Negotiation, Mediation and Conflict Resolution",4.0,ESSEC Business School,SPECIALIZATION,https://www.coursera.org/specializations/negotiation-mediation-conflict-resolution,
461,551,Network Analytics for Business,4.0,HSE University,SPECIALIZATION,https://www.coursera.org/specializations/network-analytics-for-business,
462,50,Networking in Google Cloud,3.0,Google Cloud,SPECIALIZATION,https://www.coursera.org/specializations/networking-google-cloud-platform,
463,150,Neuroscience and Neuroimaging,4.0,Johns Hopkins University,SPECIALIZATION,https://www.coursera.org/specializations/computational-neuroscience,
464,497,Newborn Baby Care,5.0,University of Colorado System,SPECIALIZATION,https://www.coursera.org/specializations/newborn-baby-care,
465,142,"NoSQL, Big Data, and Spark Foundations",3.0,IBM,SPECIALIZATION,https://www.coursera.org/specializations/nosql-big-data-and-spark-foundations,
466,544,Nursing Informatics Leadership,5.0,University of Minnesota,SPECIALIZATION,https://www.coursera.org/specializations/leadership-nursing-informatics,
467,526,O Músico Contemporâneo,4.0,Berklee College of Music,SPECIALIZATION,https://www.coursera.org/specializations/musico-contmporaneo,
468,611,التسويق عبر وسائل التواصل الاجتماعي على فيسبوك,6.0,Facebook,PROFESSIONAL CERTIFICATE,https://www.coursera.org/professional-certificates/al-tasweeq-aabr-wasael-al-tawasol-al-ijtimai,
469,313,Object Oriented Java Programming: Data Structures and Beyond,5.0,University of California San Diego,SPECIALIZATION,https://www.coursera.org/specializations/java-object-oriented,
470,152,Object Oriented Programming in Java,4.0,Duke University,SPECIALIZATION,https://www.coursera.org/specializations/object-oriented-programming,
471,269,Omnichannel Retail Strategy,3.0,University of Pennsylvania,SPECIALIZATION,https://www.coursera.org/specializations/wharton-retail-strategy,
472,612,Online Learning Design for Educators,3.0,Macquarie University,SPECIALIZATION,https://www.coursera.org/specializations/online-learning-design-educators,
473,396,"Open Source Software Development, Linux and Git",4.0,The Linux Foundation,SPECIALIZATION,https://www.coursera.org/specializations/oss-development-linux-git,
474,240,Optical Engineering,3.0,University of Colorado Boulder,SPECIALIZATION,https://www.coursera.org/specializations/optical-engineering,
475,613,Oracle SQL Databases,4.0,LearnQuest,SPECIALIZATION,https://www.coursera.org/specializations/oracle-sql-databases,
476,235,Organizational Change and Culture for Adopting Google Cloud,4.0,Google Cloud,SPECIALIZATION,https://www.coursera.org/specializations/organizational-change-and-culture-for-adopting-google-cloud,
477,281,Organizational Leadership,6.0,Northwestern University,SPECIALIZATION,https://www.coursera.org/specializations/organizational-leadership,
478,308,Palliative Care Always,5.0,Stanford University,SPECIALIZATION,https://www.coursera.org/specializations/palliative-care-always,
479,441,Palliative Care: It's Not Just Hospice Anymore,5.0,University of Colorado System,SPECIALIZATION,https://www.coursera.org/specializations/palliative-care,
480,416,Palo Alto Networks Cybersecurity,4.0,Palo Alto Networks,PROFESSIONAL CERTIFICATE,https://www.coursera.org/professional-certificates/palo-alto-networks-cybersecurity-fundamentals,
481,377,"Parallel, Concurrent, and Distributed Programming in Java",3.0,Rice University,SPECIALIZATION,https://www.coursera.org/specializations/pcdp,
482,621,Participatory Approaches in Public Health,3.0,Imperial College London,SPECIALIZATION,https://www.coursera.org/specializations/participatory-approaches-public-health,
483,340,Patient Safety,7.0,Johns Hopkins University,SPECIALIZATION,https://www.coursera.org/specializations/patient-safety,
484,214,Photography Basics and Beyond: From Smartphone to DSLR,5.0,Michigan State University,SPECIALIZATION,https://www.coursera.org/specializations/photography-basics,
485,415,Plant Bioinformatic Methods,4.0,University of Toronto,SPECIALIZATION,https://www.coursera.org/specializations/plant-bioinformatic-methods,
486,159,PostgreSQL for Everybody,4.0,University of Michigan,SPECIALIZATION,https://www.coursera.org/specializations/postgresql-for-everybody,
487,247,Power Electronics,4.0,University of Colorado Boulder,SPECIALIZATION,https://www.coursera.org/specializations/power-electronics,
488,80,Practical Data Science,3.0,DeepLearning.AI,SPECIALIZATION,https://www.coursera.org/specializations/practical-data-science,
489,379,Practical Data Science with MATLAB,4.0,MathWorks,SPECIALIZATION,https://www.coursera.org/specializations/practical-data-science-matlab,
490,271,Practical Guide to Trading,4.0,Interactive Brokers,SPECIALIZATION,https://www.coursera.org/specializations/financial-instruments-trading-investing,
491,477,Precalculus through Data and Modelling,3.0,Johns Hopkins University,SPECIALIZATION,https://www.coursera.org/specializations/precalculus-data-modelling,
492,35,Preparing for Google Cloud Certification: Cloud Architect,7.0,Google Cloud,PROFESSIONAL CERTIFICATE,https://www.coursera.org/professional-certificates/gcp-cloud-architect,
493,332,Preparing for Google Cloud Certification: Cloud Architect Professional Certificate 日本語版,6.0,Google Cloud,PROFESSIONAL CERTIFICATE,https://www.coursera.org/professional-certificates/gcp-cloud-architect-jp,
494,66,Preparing for Google Cloud Certification: Cloud Data Engineer,6.0,Google Cloud,PROFESSIONAL CERTIFICATE,https://www.coursera.org/professional-certificates/gcp-data-engineering,
495,420,Preparing for Google Cloud Certification: Cloud Data Engineer Professional Certificate 日本語版,6.0,Google Cloud,PROFESSIONAL CERTIFICATE,https://www.coursera.org/professional-certificates/gcp-data-engineering-jp,
496,465,Preparing for Google Cloud Certification: Cloud Data Engineer Professional Certificate en Español,6.0,Google Cloud,SPECIALIZATION,https://www.coursera.org/specializations/gcp-data-engineer-es,
497,53,Preparing for Google Cloud Certification: Cloud DevOps Engineer,5.0,Google Cloud,PROFESSIONAL CERTIFICATE,https://www.coursera.org/professional-certificates/sre-devops-engineer-google-cloud,
498,36,Preparing for Google Cloud Certification: Cloud Engineer,6.0,Google Cloud,PROFESSIONAL CERTIFICATE,https://www.coursera.org/professional-certificates/cloud-engineering-gcp,
499,469,Preparing for Google Cloud Certification: Cloud Engineer Professional Certificate en Español,6.0,Google Cloud,SPECIALIZATION,https://www.coursera.org/specializations/cloud-engineering-gcp-es,
500,48,Preparing for Google Cloud Certification: Cloud Network Engineer,4.0,Google Cloud,PROFESSIONAL CERTIFICATE,https://www.coursera.org/professional-certificates/google-cloud-networking,
501,44,Preparing for Google Cloud Certification: Cloud Security Engineer,7.0,Google Cloud,PROFESSIONAL CERTIFICATE,https://www.coursera.org/professional-certificates/google-cloud-security,
502,55,Preparing for Google Cloud Certification: Machine Learning Engineer,9.0,Google Cloud,PROFESSIONAL CERTIFICATE,https://www.coursera.org/professional-certificates/preparing-for-google-cloud-machine-learning-engineer-professional-certificate,
503,227,"Presentation Skills: Speechwriting, Slides and Delivery",4.0,National Research Tomsk State University,SPECIALIZATION,https://www.coursera.org/specializations/presentation-skills,
504,120,Pricing Strategy Optimization,4.0,University of Virginia,SPECIALIZATION,https://www.coursera.org/specializations/uva-darden-bcg-pricing-strategy,
505,462,Privacy and Standardisation,5.0,EIT Digital,SPECIALIZATION,https://www.coursera.org/specializations/privacy,
506,197,Probabilistic Graphical Models,3.0,Stanford University,SPECIALIZATION,https://www.coursera.org/specializations/probabilistic-graphical-models,
507,393,"Product Ideation, Design, and Management",5.0,"University of Maryland, College Park",SPECIALIZATION,https://www.coursera.org/specializations/product-ideation-design-and-management,
508,568,Professional IQ: Preventing and Solving Problems at Work,4.0,University of Illinois at Urbana-Champaign,SPECIALIZATION,https://www.coursera.org/specializations/professional-iq,
509,220,Professional Skills for the Workplace,4.0,"University of California, Davis",SPECIALIZATION,https://www.coursera.org/specializations/professional-skills-for-the-workplace,
510,290,Programming in C++: A Hands-on Introduction,4.0,Codio,SPECIALIZATION,https://www.coursera.org/specializations/hands-on-cpp,
511,558,Programming in Java: A Hands-on Introduction,4.0,Codio,SPECIALIZATION,https://www.coursera.org/specializations/hands-on-java,
512,438,Programming in Python: A Hands-on Introduction,4.0,Codio,SPECIALIZATION,https://www.coursera.org/specializations/hands-on-python,
513,205,Programming with Google Go,3.0,"University of California, Irvine",SPECIALIZATION,https://www.coursera.org/specializations/google-golang,
514,112,Project Management & Other Tools for Career Development,5.0,"University of California, Irvine",SPECIALIZATION,https://www.coursera.org/specializations/project-management-success,
515,117,Project Management Principles and Practices,4.0,"University of California, Irvine",SPECIALIZATION,https://www.coursera.org/specializations/project-management,
516,85,Python 3 Programming,5.0,University of Michigan,SPECIALIZATION,https://www.coursera.org/specializations/python-3-programming,
517,476,Python Data Products for Predictive Analytics,4.0,University of California San Diego,SPECIALIZATION,https://www.coursera.org/specializations/python-data-products-for-predictive-analytics,
518,402,Python for Cybersecurity,5.0,Infosec,SPECIALIZATION,https://www.coursera.org/specializations/pythonforcybersecurity,
519,17,Python for Everybody,4.0,University of Michigan,SPECIALIZATION,https://www.coursera.org/specializations/python,
520,380,Python Scripting for DevOps,4.0,LearnQuest,SPECIALIZATION,https://www.coursera.org/specializations/python-scripting-devops,
521,311,Qualitative Research Design and Methods for Public Health,3.0,Emory University,SPECIALIZATION,https://www.coursera.org/specializations/qualitative-research-design-and-methods-for-public-health,
522,261,Quantitative Finance,3.0,HSE University,SPECIALIZATION,https://www.coursera.org/specializations/quantitative-finance,
523,258,Quantum Computing: from Basics to the Cutting Edge,4.0,Saint Petersburg State University,SPECIALIZATION,https://www.coursera.org/specializations/quantum-computing-from-basics-to-the-cutting-edge,
524,358,Real-Time Embedded Systems,4.0,University of Colorado Boulder,SPECIALIZATION,https://www.coursera.org/specializations/real-time-embedded-systems,
525,158,Real-World Product Management,4.0,Advancing Women in Tech,SPECIALIZATION,https://www.coursera.org/specializations/real-world-product-management,
526,399,Recommender Systems,5.0,University of Minnesota,SPECIALIZATION,https://www.coursera.org/specializations/recommender-systems,
527,97,Regulatory Compliance,4.0,University of Pennsylvania,SPECIALIZATION,https://www.coursera.org/specializations/regulatory-compliance,
528,77,Reinforcement Learning,4.0,University of Alberta,SPECIALIZATION,https://www.coursera.org/specializations/reinforcement-learning,
529,574,Representante de desarrollo de ventas de Salesforce,5.0,Salesforce,PROFESSIONAL CERTIFICATE,https://www.coursera.org/professional-certificates/desarrollo-ventas-salesforce,
530,440,Requirements Engineering: Secure Software Specifications,5.0,University of Colorado System,SPECIALIZATION,https://www.coursera.org/specializations/requirements-engineering-secure-software,
531,331,Responsive Website Development and Design,6.0,University of London,SPECIALIZATION,https://www.coursera.org/specializations/website-development,
532,196,Robotics,6.0,University of Pennsylvania,SPECIALIZATION,https://www.coursera.org/specializations/robotics,
533,245,Russian for beginners А1. Русский язык: A1,4.0,Saint Petersburg State University,SPECIALIZATION,https://www.coursera.org/specializations/russian-for-beginners-a1,
534,400,Sales Operations/Management,5.0,West Virginia University,SPECIALIZATION,https://www.coursera.org/specializations/sales-operations,
535,385,Sales Training for High Performing Teams,4.0,HubSpot Academy,SPECIALIZATION,https://www.coursera.org/specializations/sales-training-high-performing-teams,
536,289,Salesforce Fundamentals,4.0,"University of California, Irvine",SPECIALIZATION,https://www.coursera.org/specializations/salesforce-fundamentals,
537,191,Salesforce Sales Development Representative,5.0,Salesforce,PROFESSIONAL CERTIFICATE,https://www.coursera.org/professional-certificates/sales-development-representative,
538,157,Salesforce Sales Operations,4.0,Salesforce,PROFESSIONAL CERTIFICATE,https://www.coursera.org/professional-certificates/salesforce-sales-operations,
539,335,SAS Advanced Programmer,3.0,SAS,PROFESSIONAL CERTIFICATE,https://www.coursera.org/professional-certificates/sas-advanced-programmer,
540,162,SAS Programmer,4.0,SAS,PROFESSIONAL CERTIFICATE,https://www.coursera.org/professional-certificates/sas-programming,
541,488,SAS Statistical Business Analyst,3.0,SAS,PROFESSIONAL CERTIFICATE,https://www.coursera.org/professional-certificates/sas-statistical-business-analyst,
542,306,SAS Visual Business Analytics,5.0,SAS,PROFESSIONAL CERTIFICATE,https://www.coursera.org/professional-certificates/sas-visual-business-analytics,
543,619,Scale Up Your Startup,4.0,IE Business School,SPECIALIZATION,https://www.coursera.org/specializations/scaleup-specialization,
544,345,School Health for Children and Adolescents,4.0,University of Colorado System,SPECIALIZATION,https://www.coursera.org/specializations/school-health-for-children-and-adolescents,
545,122,Scrum Master Certification,4.0,LearnQuest,SPECIALIZATION,https://www.coursera.org/specializations/learnquest-certified-scrum-master,
546,98,Search Engine Optimization (SEO),5.0,"University of California, Davis",SPECIALIZATION,https://www.coursera.org/specializations/seo,
547,353,Secure Coding Practices,4.0,"University of California, Davis",SPECIALIZATION,https://www.coursera.org/specializations/secure-coding-practices,
548,566,Secure Software Design,4.0,University of Colorado System,SPECIALIZATION,https://www.coursera.org/specializations/secure-software-design,
549,81,Security Analyst Fundamentals,3.0,IBM,SPECIALIZATION,https://www.coursera.org/specializations/security-analyst-fundamentals,
550,51,Security in Google Cloud,4.0,Google Cloud,SPECIALIZATION,https://www.coursera.org/specializations/security-google-cloud-platform,
551,121,Self-Driving Cars,4.0,University of Toronto,SPECIALIZATION,https://www.coursera.org/specializations/self-driving-cars,
552,524,Semiconductor Devices,3.0,University of Colorado Boulder,SPECIALIZATION,https://www.coursera.org/specializations/semiconductor-devices,
553,450,Serverless Data Processing with Dataflow,3.0,Google Cloud,SPECIALIZATION,https://www.coursera.org/specializations/serverless-data-processing-with-dataflow,
554,183,Six Sigma Black Belt,8.0,University System of Georgia,SPECIALIZATION,https://www.coursera.org/specializations/six-sigma-black-belt,
555,228,Six Sigma Green Belt,4.0,University System of Georgia,SPECIALIZATION,https://www.coursera.org/specializations/six-sigma-green-belt,
556,108,Six Sigma Yellow Belt,4.0,University System of Georgia,SPECIALIZATION,https://www.coursera.org/specializations/six-sigma-fundamentals,
557,550,Social Entrepreneurship,3.0,Copenhagen Business School,SPECIALIZATION,https://www.coursera.org/specializations/social-entrepreneurship-cbs,
558,166,Social Media Marketing,6.0,Northwestern University,SPECIALIZATION,https://www.coursera.org/specializations/social-media-marketing,
559,365,Social Media Marketing in Practice,4.0,Digital Marketing Institute,SPECIALIZATION,https://www.coursera.org/specializations/social-media-marketing-practice,
560,346,Social Policy for Social Services & Health Practitioners,5.0,Columbia University,SPECIALIZATION,https://www.coursera.org/specializations/social-welfare-policy,
561,190,Software Design and Architecture,4.0,University of Alberta,SPECIALIZATION,https://www.coursera.org/specializations/software-design-architecture,
562,392,Software Development Lifecycle,4.0,University of Minnesota,SPECIALIZATION,https://www.coursera.org/specializations/software-development-lifecycle,
563,154,Software Product Management,5.0,University of Alberta,SPECIALIZATION,https://www.coursera.org/specializations/product-management,
564,278,Software Testing and Automation,4.0,University of Minnesota,SPECIALIZATION,https://www.coursera.org/specializations/software-testing-automation,
565,398,"Solar Energy for Engineers, Architects and Code Inspectors",3.0,University at Buffalo,SPECIALIZATION,https://www.coursera.org/specializations/solar-energy,
566,456,Solving Complex Problems,4.0,Macquarie University,SPECIALIZATION,https://www.coursera.org/specializations/solving-complex-problems,
567,181,"Songwriting: Writing, Arranging, and Producing Music",4.0,Berklee College of Music,SPECIALIZATION,https://www.coursera.org/specializations/songwriting,
568,188,Soporte de Tecnologías de la Información de Google,5.0,Crece con Google,PROFESSIONAL CERTIFICATE,https://www.coursera.org/professional-certificates/soporte-de-tecnologias-de-informacion-google,
569,224,Spacecraft Dynamics and Control,4.0,University of Colorado Boulder,SPECIALIZATION,https://www.coursera.org/specializations/spacecraft-dynamics-control,
570,141,Sports Performance Analytics,5.0,University of Michigan,SPECIALIZATION,https://www.coursera.org/specializations/sports-analytics,
571,589,Spring Framework,4.0,LearnQuest,SPECIALIZATION,https://www.coursera.org/specializations/spring-framework,
572,513,Startup Entrepreneurship,4.0,Technion - Israel Institute of Technology,SPECIALIZATION,https://www.coursera.org/specializations/startup-entrepreneurship,
573,193,Statistical Analysis with R for Public Health,4.0,Imperial College London,SPECIALIZATION,https://www.coursera.org/specializations/statistical-analysis-r-public-health,
574,266,Statistical Inference for Data Science Applications,3.0,University of Colorado Boulder,SPECIALIZATION,https://www.coursera.org/specializations/statistical-inference-for-data-science-applications,
575,356,Statistical Modeling for Data Science Applications,3.0,University of Colorado Boulder,SPECIALIZATION,https://www.coursera.org/specializations/statistical-modeling-for-data-science-applications,
576,607,Statistical Thermodynamics,5.0,University of Colorado Boulder,SPECIALIZATION,https://www.coursera.org/specializations/statistical-thermodynamics-engineering,
577,234,Statistics with Python,3.0,University of Michigan,SPECIALIZATION,https://www.coursera.org/specializations/statistics-with-python,
578,125,Statistics with R,5.0,Duke University,SPECIALIZATION,https://www.coursera.org/specializations/statistics,
579,600,Strategic Business Analytics,4.0,ESSEC Business School,SPECIALIZATION,https://www.coursera.org/specializations/strategic-analytics,
580,135,Strategic Leadership and Management,7.0,University of Illinois at Urbana-Champaign,SPECIALIZATION,https://www.coursera.org/specializations/strategic-leadership,
581,257,Strategic Management and Innovation,4.0,Copenhagen Business School,SPECIALIZATION,https://www.coursera.org/specializations/strategic-management,
582,457,Strategic Sales Management,5.0,Fundação Instituto de Administração,SPECIALIZATION,https://www.coursera.org/specializations/sales-management-bridging-gap-strategy-sales,
583,442,Strategising: Management for Global Competitive Advantage,4.0,Macquarie University,SPECIALIZATION,https://www.coursera.org/specializations/strategic-management-competitive-advantage,
584,617,Strategy and Finance for the lifecycle of a Social Business,5.0,Yunus Social Business Fund Bengaluru,SPECIALIZATION,https://www.coursera.org/specializations/strategy-and-finance-for-social-business,
585,371,Suporte em TI do Google,5.0,Cresça com o Google,PROFESSIONAL CERTIFICATE,https://www.coursera.org/professional-certificates/suporte-em-ti-do-google,
586,155,Supply Chain Analytics,5.0,Rutgers the State University of New Jersey,SPECIALIZATION,https://www.coursera.org/specializations/supply-chain-analytics,
587,337,Supply Chain Finance and Blockchain Technology,4.0,New York Institute of Finance,SPECIALIZATION,https://www.coursera.org/specializations/supply-chain-finance-and-blockchain-technology,
588,95,Supply Chain Management,5.0,Rutgers the State University of New Jersey,SPECIALIZATION,https://www.coursera.org/specializations/supply-chain-management,
589,298,Survey Data Collection and Analytics,7.0,"University of Maryland, College Park",SPECIALIZATION,https://www.coursera.org/specializations/data-collection,
590,254,Swift 5 iOS Application Developer,4.0,LearnQuest,SPECIALIZATION,https://www.coursera.org/specializations/swift-5-ios-app-developer,
591,426,System Issues in Cloud Computing,4.0,Georgia Institute of Technology,SPECIALIZATION,https://www.coursera.org/specializations/cloud,
592,322,Systems Biology and Biotechnology,6.0,Icahn School of Medicine at Mount Sinai,SPECIALIZATION,https://www.coursera.org/specializations/systems-biology,
593,582,Teach English: Intermediate Grammar,4.0,"University of California, Irvine",SPECIALIZATION,https://www.coursera.org/specializations/teach-english,
594,595,Teaching Impacts of Technology in K-12 Education,6.0,University of California San Diego,SPECIALIZATION,https://www.coursera.org/specializations/teach-impacts-technology-k12-education,
595,492,Teaching Writing,5.0,Johns Hopkins University,SPECIALIZATION,https://www.coursera.org/specializations/teaching-writing,
596,299,TensorFlow 2 for Deep Learning,3.0,Imperial College London,SPECIALIZATION,https://www.coursera.org/specializations/tensorflow2-deeplearning,
597,74,TensorFlow: Advanced Techniques,4.0,DeepLearning.AI,SPECIALIZATION,https://www.coursera.org/specializations/tensorflow-advanced-techniques,
598,262,TensorFlow: Data and Deployment,4.0,DeepLearning.AI,SPECIALIZATION,https://www.coursera.org/specializations/tensorflow-data-and-deployment,
599,86,"TESOL Certificate, Part 1: Teach English Now!",4.0,Arizona State University,SPECIALIZATION,https://www.coursera.org/specializations/tesol,
600,171,"TESOL Certificate, Part 2: Teach English Now!",4.0,Arizona State University,SPECIALIZATION,https://www.coursera.org/specializations/tesol-certificate-2,
601,585,Test-Driven Development,4.0,LearnQuest,SPECIALIZATION,https://www.coursera.org/specializations/test-driven-development,
602,207,The Art of Sales: Mastering the Selling Process,4.0,Northwestern University,SPECIALIZATION,https://www.coursera.org/specializations/the-art-of-sales-mastering-the-selling-process,
603,93,The Business of Health Care,4.0,University of Pennsylvania,SPECIALIZATION,https://www.coursera.org/specializations/healthcare-administration-management,
604,96,The Business of Music Production,4.0,Berklee College of Music,SPECIALIZATION,https://www.coursera.org/specializations/business-music-production,
605,102,The DIY Musician,4.0,Berklee College of Music,SPECIALIZATION,https://www.coursera.org/specializations/diy-musician,
606,387,The Fundamentals of Personal Finance,5.0,SoFi,SPECIALIZATION,https://www.coursera.org/specializations/personal-finance-fundamentals,
607,417,The Influence of Social Determinants on Health,3.0,University of Michigan,SPECIALIZATION,https://www.coursera.org/specializations/social-determinants-on-health,
608,168,The Pronunciation of American English,4.0,"University of California, Irvine",SPECIALIZATION,https://www.coursera.org/specializations/american-english-pronunciation,
609,119,The Singer Songwriter,4.0,Berklee College of Music,SPECIALIZATION,https://www.coursera.org/specializations/singer-songwriter,
610,439,The Teacher and Social and Emotional Learning (SEL),5.0,University of Colorado Boulder,SPECIALIZATION,https://www.coursera.org/specializations/teacher-sel,
611,130,Think like a CFO,4.0,IESE Business School,SPECIALIZATION,https://www.coursera.org/specializations/thinklikeacfo,
612,563,Tidyverse Skills for Data Science in R,5.0,Johns Hopkins University,SPECIALIZATION,https://www.coursera.org/specializations/tidyverse-data-science-r,
613,296,TOEFL Preparation,3.0,"University of California, Irvine",SPECIALIZATION,https://www.coursera.org/specializations/toefl-preparation,
614,344,Trading Strategies in Emerging Markets,5.0,Indian School of Business,SPECIALIZATION,https://www.coursera.org/specializations/trading-strategy,
615,184,Transforming the Fashion Business,3.0,"Parsons School of Design, The New School",SPECIALIZATION,https://www.coursera.org/specializations/transforming-fashion-business,
616,173,U.S. Federal Taxation,5.0,University of Illinois at Urbana-Champaign,SPECIALIZATION,https://www.coursera.org/specializations/united-states-federal-taxation,
617,40,UCI Project Management,,"University of California, Irvine",PROFESSIONAL CERTIFICATE,https://www.coursera.org/professional-certificate/applied-project-management,
618,115,UI / UX Design,4.0,California Institute of the Arts,SPECIALIZATION,https://www.coursera.org/specializations/ui-ux-design,
619,576,Understanding Modern Finance,5.0,Moscow Institute of Physics and Technology,SPECIALIZATION,https://www.coursera.org/specializations/understanding-modern-finance,
620,369,Unity XR: How to Build AR and VR Apps,3.0,Unity,SPECIALIZATION,https://www.coursera.org/specializations/unity-xr,
621,187,User Experience Research and Design,6.0,University of Michigan,SPECIALIZATION,https://www.coursera.org/specializations/michiganux,
622,432,User Interface Design,4.0,University of Minnesota,SPECIALIZATION,https://www.coursera.org/specializations/user-interface-design,
623,554,Valuation and Financial Analysis For Startups,5.0,Yonsei University,SPECIALIZATION,https://www.coursera.org/specializations/startup-valuation,
624,267,Value Chain Management,7.0,University of Illinois at Urbana-Champaign,SPECIALIZATION,https://www.coursera.org/specializations/value-chain-management,
625,555,Value Creation Through Innovation,5.0,EIT Digital,SPECIALIZATION,https://www.coursera.org/specializations/value-creation-innovation,
626,410,Value-Based Care,7.0,University of Houston,SPECIALIZATION,https://www.coursera.org/specializations/value-based-care,
627,404,Virtual Reality,5.0,University of London,SPECIALIZATION,https://www.coursera.org/specializations/virtual-reality,
628,305,Virtual Teacher,5.0,"University of California, Irvine",SPECIALIZATION,https://www.coursera.org/specializations/virtual-teacher,
629,354,Vital Skills for Data Science,4.0,University of Colorado Boulder,SPECIALIZATION,https://www.coursera.org/specializations/vital-skills-for-data-science,
630,186,Web Applications for Everybody,4.0,University of Michigan,SPECIALIZATION,https://www.coursera.org/specializations/web-applications,
631,114,Web Design for Everybody: Basics of Web Development & Coding,5.0,University of Michigan,SPECIALIZATION,https://www.coursera.org/specializations/web-design,
